{
  "Open Product Page" : {
    "transaction" : "Open Product Page",
    "sampleCount" : 225,
    "errorCount" : 0,
    "errorPct" : 0.0,
    "meanResTime" : 21.759999999999994,
    "medianResTime" : 20.0,
    "minResTime" : 14.0,
    "maxResTime" : 76.0,
    "pct1ResTime" : 28.0,
    "pct2ResTime" : 32.69999999999999,
    "pct3ResTime" : 48.66000000000008,
    "throughput" : 11.650183814011287,
    "receivedKBytesPerSec" : 125.05016051364366,
    "sentKBytesPerSec" : 2.2299179956505983
  },
  "Homepage" : {
    "transaction" : "Homepage",
    "sampleCount" : 225,
    "errorCount" : 0,
    "errorPct" : 0.0,
    "meanResTime" : 59.03111111111112,
    "medianResTime" : 52.0,
    "minResTime" : 14.0,
    "maxResTime" : 621.0,
    "pct1ResTime" : 75.20000000000002,
    "pct2ResTime" : 90.89999999999992,
    "pct3ResTime" : 617.0,
    "throughput" : 11.212997109538524,
    "receivedKBytesPerSec" : 84.0236496903967,
    "sentKBytesPerSec" : 1.9710346481610685
  },
  "Send Message" : {
    "transaction" : "Send Message",
    "sampleCount" : 225,
    "errorCount" : 225,
    "errorPct" : 100.0,
    "meanResTime" : 24.92888888888889,
    "medianResTime" : 23.0,
    "minResTime" : 16.0,
    "maxResTime" : 44.0,
    "pct1ResTime" : 32.400000000000006,
    "pct2ResTime" : 34.0,
    "pct3ResTime" : 42.74000000000001,
    "throughput" : 11.638131691925723,
    "receivedKBytesPerSec" : 5.6372200382765225,
    "sentKBytesPerSec" : 3.2163977234521286
  },
  "Open Contact Page" : {
    "transaction" : "Open Contact Page",
    "sampleCount" : 225,
    "errorCount" : 0,
    "errorPct" : 0.0,
    "meanResTime" : 21.16444444444444,
    "medianResTime" : 20.0,
    "minResTime" : 14.0,
    "maxResTime" : 62.0,
    "pct1ResTime" : 27.0,
    "pct2ResTime" : 32.69999999999999,
    "pct3ResTime" : 53.62000000000012,
    "throughput" : 11.64656555722346,
    "receivedKBytesPerSec" : 162.49299386290699,
    "sentKBytesPerSec" : 2.1496102444484704
  },
  "Open Homepage" : {
    "transaction" : "Open Homepage",
    "sampleCount" : 225,
    "errorCount" : 0,
    "errorPct" : 0.0,
    "meanResTime" : 59.03111111111112,
    "medianResTime" : 52.0,
    "minResTime" : 14.0,
    "maxResTime" : 621.0,
    "pct1ResTime" : 75.20000000000002,
    "pct2ResTime" : 90.89999999999992,
    "pct3ResTime" : 617.0,
    "throughput" : 11.295180722891565,
    "receivedKBytesPerSec" : 84.63948567708333,
    "sentKBytesPerSec" : 1.985480986445783
  },
  "Contact" : {
    "transaction" : "Contact",
    "sampleCount" : 225,
    "errorCount" : 225,
    "errorPct" : 100.0,
    "meanResTime" : 46.09333333333332,
    "medianResTime" : 47.0,
    "minResTime" : 31.0,
    "maxResTime" : 93.0,
    "pct1ResTime" : 58.400000000000006,
    "pct2ResTime" : 64.0,
    "pct3ResTime" : 85.70000000000005,
    "throughput" : 11.627306082373005,
    "receivedKBytesPerSec" : 167.85626186954164,
    "sentKBytesPerSec" : 5.359461397343806
  },
  "Submit Order" : {
    "transaction" : "Submit Order",
    "sampleCount" : 225,
    "errorCount" : 225,
    "errorPct" : 100.0,
    "meanResTime" : 25.359999999999985,
    "medianResTime" : 24.0,
    "minResTime" : 16.0,
    "maxResTime" : 56.0,
    "pct1ResTime" : 33.0,
    "pct2ResTime" : 34.69999999999999,
    "pct3ResTime" : 47.74000000000001,
    "throughput" : 11.645359971015992,
    "receivedKBytesPerSec" : 5.607008323197556,
    "sentKBytesPerSec" : 2.8885951490606074
  },
  "CartPage" : {
    "transaction" : "CartPage",
    "sampleCount" : 225,
    "errorCount" : 0,
    "errorPct" : 0.0,
    "meanResTime" : 22.564444444444444,
    "medianResTime" : 20.0,
    "minResTime" : 14.0,
    "maxResTime" : 130.0,
    "pct1ResTime" : 31.400000000000006,
    "pct2ResTime" : 34.0,
    "pct3ResTime" : 85.58000000000015,
    "throughput" : 11.654407956075831,
    "receivedKBytesPerSec" : 157.00763768388066,
    "sentKBytesPerSec" : 2.1510577184554025
  },
  "Checkout" : {
    "transaction" : "Checkout",
    "sampleCount" : 225,
    "errorCount" : 225,
    "errorPct" : 100.0,
    "meanResTime" : 50.58666666666669,
    "medianResTime" : 47.0,
    "minResTime" : 33.0,
    "maxResTime" : 92.0,
    "pct1ResTime" : 65.4,
    "pct2ResTime" : 67.69999999999999,
    "pct3ResTime" : 81.18000000000006,
    "throughput" : 11.634520916283158,
    "receivedKBytesPerSec" : 11.237260603573091,
    "sentKBytesPerSec" : 5.078741064041575
  },
  "Total" : {
    "transaction" : "Total",
    "sampleCount" : 1800,
    "errorCount" : 675,
    "errorPct" : 37.5,
    "meanResTime" : 27.612777777777772,
    "medianResTime" : 21.0,
    "minResTime" : 14.0,
    "maxResTime" : 621.0,
    "pct1ResTime" : 36.0,
    "pct2ResTime" : 57.94999999999982,
    "pct3ResTime" : 82.0,
    "throughput" : 89.5700636942675,
    "receivedKBytesPerSec" : 669.8930096474422,
    "sentKBytesPerSec" : 18.292323798890326
  },
  "Open Checkout Page" : {
    "transaction" : "Open Checkout Page",
    "sampleCount" : 225,
    "errorCount" : 225,
    "errorPct" : 100.0,
    "meanResTime" : 25.22666666666667,
    "medianResTime" : 24.0,
    "minResTime" : 16.0,
    "maxResTime" : 73.0,
    "pct1ResTime" : 32.0,
    "pct2ResTime" : 34.0,
    "pct3ResTime" : 39.700000000000045,
    "throughput" : 11.652597234450257,
    "receivedKBytesPerSec" : 5.644226785436842,
    "sentKBytesPerSec" : 2.1962414709461906
  },
  "View Cart" : {
    "transaction" : "View Cart",
    "sampleCount" : 225,
    "errorCount" : 0,
    "errorPct" : 0.0,
    "meanResTime" : 20.866666666666656,
    "medianResTime" : 20.0,
    "minResTime" : 14.0,
    "maxResTime" : 48.0,
    "pct1ResTime" : 27.0,
    "pct2ResTime" : 32.0,
    "pct3ResTime" : 36.48000000000002,
    "throughput" : 11.656823127137084,
    "receivedKBytesPerSec" : 148.39727788894933,
    "sentKBytesPerSec" : 2.151503487332919
  },
  "Cart" : {
    "transaction" : "Cart",
    "sampleCount" : 225,
    "errorCount" : 0,
    "errorPct" : 0.0,
    "meanResTime" : 65.19111111111108,
    "medianResTime" : 62.0,
    "minResTime" : 42.0,
    "maxResTime" : 214.0,
    "pct1ResTime" : 77.0,
    "pct2ResTime" : 88.69999999999999,
    "pct3ResTime" : 160.52000000000044,
    "throughput" : 11.625503771830113,
    "receivedKBytesPerSec" : 429.4020595710189,
    "sentKBytesPerSec" : 6.516639809600083
  }
}