{
  "Open Product Page" : {
    "transaction" : "Open Product Page",
    "sampleCount" : 225,
    "errorCount" : 0,
    "errorPct" : 0.0,
    "meanResTime" : 21.44000000000001,
    "medianResTime" : 20.0,
    "minResTime" : 15.0,
    "maxResTime" : 45.0,
    "pct1ResTime" : 30.0,
    "pct2ResTime" : 33.0,
    "pct3ResTime" : 42.74000000000001,
    "throughput" : 11.580626897936074,
    "receivedKBytesPerSec" : 138.35546854894747,
    "sentKBytesPerSec" : 2.216604367183077
  },
  "Homepage" : {
    "transaction" : "Homepage",
    "sampleCount" : 225,
    "errorCount" : 0,
    "errorPct" : 0.0,
    "meanResTime" : 57.399999999999956,
    "medianResTime" : 54.0,
    "minResTime" : 14.0,
    "maxResTime" : 530.0,
    "pct1ResTime" : 77.0,
    "pct2ResTime" : 101.39999999999998,
    "pct3ResTime" : 525.22,
    "throughput" : 11.21746933891714,
    "receivedKBytesPerSec" : 94.2788861520341,
    "sentKBytesPerSec" : 1.9718207822315286
  },
  "Send Message" : {
    "transaction" : "Send Message",
    "sampleCount" : 225,
    "errorCount" : 225,
    "errorPct" : 100.0,
    "meanResTime" : 24.453333333333322,
    "medianResTime" : 21.0,
    "minResTime" : 16.0,
    "maxResTime" : 141.0,
    "pct1ResTime" : 32.0,
    "pct2ResTime" : 34.0,
    "pct3ResTime" : 50.74000000000001,
    "throughput" : 11.593157460840889,
    "receivedKBytesPerSec" : 5.615435645094806,
    "sentKBytesPerSec" : 3.203968321697238
  },
  "Open Contact Page" : {
    "transaction" : "Open Contact Page",
    "sampleCount" : 225,
    "errorCount" : 0,
    "errorPct" : 0.0,
    "meanResTime" : 22.177777777777777,
    "medianResTime" : 20.0,
    "minResTime" : 14.0,
    "maxResTime" : 308.0,
    "pct1ResTime" : 26.0,
    "pct2ResTime" : 31.0,
    "pct3ResTime" : 68.90000000000032,
    "throughput" : 11.587783900705567,
    "receivedKBytesPerSec" : 157.96478078166038,
    "sentKBytesPerSec" : 2.1387608957356954
  },
  "Open Homepage" : {
    "transaction" : "Open Homepage",
    "sampleCount" : 225,
    "errorCount" : 0,
    "errorPct" : 0.0,
    "meanResTime" : 57.399999999999956,
    "medianResTime" : 54.0,
    "minResTime" : 14.0,
    "maxResTime" : 530.0,
    "pct1ResTime" : 77.0,
    "pct2ResTime" : 101.39999999999998,
    "pct3ResTime" : 525.22,
    "throughput" : 11.286681715575622,
    "receivedKBytesPerSec" : 94.86059184537247,
    "sentKBytesPerSec" : 1.9839870203160272
  },
  "Contact" : {
    "transaction" : "Contact",
    "sampleCount" : 225,
    "errorCount" : 225,
    "errorPct" : 100.0,
    "meanResTime" : 46.6311111111111,
    "medianResTime" : 42.0,
    "minResTime" : 31.0,
    "maxResTime" : 449.0,
    "pct1ResTime" : 56.0,
    "pct2ResTime" : 62.69999999999999,
    "pct3ResTime" : 92.06000000000017,
    "throughput" : 11.57764742204384,
    "receivedKBytesPerSec" : 163.43452317780694,
    "sentKBytesPerSec" : 5.336571858598332
  },
  "Submit Order" : {
    "transaction" : "Submit Order",
    "sampleCount" : 225,
    "errorCount" : 225,
    "errorPct" : 100.0,
    "meanResTime" : 23.791111111111107,
    "medianResTime" : 21.0,
    "minResTime" : 16.0,
    "maxResTime" : 61.0,
    "pct1ResTime" : 31.0,
    "pct2ResTime" : 32.0,
    "pct3ResTime" : 54.76000000000022,
    "throughput" : 11.585993820803296,
    "receivedKBytesPerSec" : 5.578022415679711,
    "sentKBytesPerSec" : 2.8738695610195673
  },
  "CartPage" : {
    "transaction" : "CartPage",
    "sampleCount" : 225,
    "errorCount" : 0,
    "errorPct" : 0.0,
    "meanResTime" : 21.635555555555563,
    "medianResTime" : 20.0,
    "minResTime" : 14.0,
    "maxResTime" : 56.0,
    "pct1ResTime" : 28.0,
    "pct2ResTime" : 33.0,
    "pct3ResTime" : 42.92000000000007,
    "throughput" : 11.583011583011583,
    "receivedKBytesPerSec" : 162.52925916988417,
    "sentKBytesPerSec" : 2.1378800675675675
  },
  "Checkout" : {
    "transaction" : "Checkout",
    "sampleCount" : 225,
    "errorCount" : 225,
    "errorPct" : 100.0,
    "meanResTime" : 47.69777777777775,
    "medianResTime" : 41.0,
    "minResTime" : 33.0,
    "maxResTime" : 83.0,
    "pct1ResTime" : 63.0,
    "pct2ResTime" : 65.0,
    "pct3ResTime" : 76.44000000000005,
    "throughput" : 11.574669478882658,
    "receivedKBytesPerSec" : 11.179050893178662,
    "sentKBytesPerSec" : 5.052614508848192
  },
  "Total" : {
    "transaction" : "Total",
    "sampleCount" : 1800,
    "errorCount" : 675,
    "errorPct" : 37.5,
    "meanResTime" : 26.93666666666664,
    "medianResTime" : 21.0,
    "minResTime" : 14.0,
    "maxResTime" : 530.0,
    "pct1ResTime" : 35.0,
    "pct2ResTime" : 60.0,
    "pct3ResTime" : 81.99000000000001,
    "throughput" : 89.64589870013447,
    "receivedKBytesPerSec" : 703.2963933089297,
    "sentKBytesPerSec" : 18.307811099282834
  },
  "Open Checkout Page" : {
    "transaction" : "Open Checkout Page",
    "sampleCount" : 225,
    "errorCount" : 225,
    "errorPct" : 100.0,
    "meanResTime" : 23.906666666666673,
    "medianResTime" : 21.0,
    "minResTime" : 16.0,
    "maxResTime" : 41.0,
    "pct1ResTime" : 32.0,
    "pct2ResTime" : 33.69999999999999,
    "pct3ResTime" : 37.74000000000001,
    "throughput" : 11.585993820803296,
    "receivedKBytesPerSec" : 5.611965756951596,
    "sentKBytesPerSec" : 2.183688288491246
  },
  "View Cart" : {
    "transaction" : "View Cart",
    "sampleCount" : 225,
    "errorCount" : 0,
    "errorPct" : 0.0,
    "meanResTime" : 20.68888888888889,
    "medianResTime" : 20.0,
    "minResTime" : 14.0,
    "maxResTime" : 50.0,
    "pct1ResTime" : 26.0,
    "pct2ResTime" : 31.69999999999999,
    "pct3ResTime" : 43.700000000000045,
    "throughput" : 11.584204293878392,
    "receivedKBytesPerSec" : 154.02909083303302,
    "sentKBytesPerSec" : 2.138100206584977
  },
  "Cart" : {
    "transaction" : "Cart",
    "sampleCount" : 225,
    "errorCount" : 0,
    "errorPct" : 0.0,
    "meanResTime" : 63.76444444444445,
    "medianResTime" : 61.0,
    "minResTime" : 45.0,
    "maxResTime" : 140.0,
    "pct1ResTime" : 76.0,
    "pct2ResTime" : 82.69999999999999,
    "pct3ResTime" : 109.70000000000005,
    "throughput" : 11.553866694053609,
    "receivedKBytesPerSec" : 453.7817751392883,
    "sentKBytesPerSec" : 6.476483869518332
  }
}