{
  "Open Product Page" : {
    "transaction" : "Open Product Page",
    "sampleCount" : 225,
    "errorCount" : 0,
    "errorPct" : 0.0,
    "meanResTime" : 15.648888888888887,
    "medianResTime" : 11.0,
    "minResTime" : 8.0,
    "maxResTime" : 46.0,
    "pct1ResTime" : 38.0,
    "pct2ResTime" : 40.0,
    "pct3ResTime" : 44.74000000000001,
    "throughput" : 11.659239299409265,
    "receivedKBytesPerSec" : 115.92684475075139,
    "sentKBytesPerSec" : 2.231651272152555
  },
  "Homepage" : {
    "transaction" : "Homepage",
    "sampleCount" : 225,
    "errorCount" : 0,
    "errorPct" : 0.0,
    "meanResTime" : 49.137777777777764,
    "medianResTime" : 39.0,
    "minResTime" : 8.0,
    "maxResTime" : 597.0,
    "pct1ResTime" : 72.4,
    "pct2ResTime" : 88.69999999999999,
    "pct3ResTime" : 591.74,
    "throughput" : 11.24381590125431,
    "receivedKBytesPerSec" : 143.4443477962121,
    "sentKBytesPerSec" : 1.9764520138923594
  },
  "Send Message" : {
    "transaction" : "Send Message",
    "sampleCount" : 225,
    "errorCount" : 225,
    "errorPct" : 100.0,
    "meanResTime" : 37.17777777777778,
    "medianResTime" : 37.0,
    "minResTime" : 34.0,
    "maxResTime" : 83.0,
    "pct1ResTime" : 40.0,
    "pct2ResTime" : 40.0,
    "pct3ResTime" : 46.74000000000001,
    "throughput" : 11.693171188026191,
    "receivedKBytesPerSec" : 5.664082800644423,
    "sentKBytesPerSec" : 3.2316088341908324
  },
  "Open Contact Page" : {
    "transaction" : "Open Contact Page",
    "sampleCount" : 225,
    "errorCount" : 0,
    "errorPct" : 0.0,
    "meanResTime" : 12.72000000000001,
    "medianResTime" : 11.0,
    "minResTime" : 9.0,
    "maxResTime" : 40.0,
    "pct1ResTime" : 16.0,
    "pct2ResTime" : 36.69999999999999,
    "pct3ResTime" : 39.74000000000001,
    "throughput" : 11.706555671175858,
    "receivedKBytesPerSec" : 137.6135088774714,
    "sentKBytesPerSec" : 2.1606826385275757
  },
  "Open Homepage" : {
    "transaction" : "Open Homepage",
    "sampleCount" : 225,
    "errorCount" : 0,
    "errorPct" : 0.0,
    "meanResTime" : 49.137777777777764,
    "medianResTime" : 39.0,
    "minResTime" : 8.0,
    "maxResTime" : 597.0,
    "pct1ResTime" : 72.4,
    "pct2ResTime" : 88.69999999999999,
    "pct3ResTime" : 591.74,
    "throughput" : 11.312785962089597,
    "receivedKBytesPerSec" : 144.32424172909649,
    "sentKBytesPerSec" : 1.988575657398562
  },
  "Contact" : {
    "transaction" : "Contact",
    "sampleCount" : 225,
    "errorCount" : 225,
    "errorPct" : 100.0,
    "meanResTime" : 49.8977777777778,
    "medianResTime" : 48.0,
    "minResTime" : 44.0,
    "maxResTime" : 97.0,
    "pct1ResTime" : 54.0,
    "pct2ResTime" : 73.69999999999999,
    "pct3ResTime" : 78.48000000000002,
    "throughput" : 11.68406293815236,
    "receivedKBytesPerSec" : 143.00877197252944,
    "sentKBytesPerSec" : 5.385622760554603
  },
  "Submit Order" : {
    "transaction" : "Submit Order",
    "sampleCount" : 225,
    "errorCount" : 225,
    "errorPct" : 100.0,
    "meanResTime" : 37.00444444444443,
    "medianResTime" : 36.0,
    "minResTime" : 33.0,
    "maxResTime" : 78.0,
    "pct1ResTime" : 39.0,
    "pct2ResTime" : 40.0,
    "pct3ResTime" : 44.48000000000002,
    "throughput" : 11.68770453482936,
    "receivedKBytesPerSec" : 5.626990562178587,
    "sentKBytesPerSec" : 2.899098585787751
  },
  "CartPage" : {
    "transaction" : "CartPage",
    "sampleCount" : 225,
    "errorCount" : 0,
    "errorPct" : 0.0,
    "meanResTime" : 12.951111111111109,
    "medianResTime" : 11.0,
    "minResTime" : 8.0,
    "maxResTime" : 47.0,
    "pct1ResTime" : 16.0,
    "pct2ResTime" : 36.69999999999999,
    "pct3ResTime" : 44.22000000000003,
    "throughput" : 11.67618059159315,
    "receivedKBytesPerSec" : 129.74410717760767,
    "sentKBytesPerSec" : 2.155076300596783
  },
  "Checkout" : {
    "transaction" : "Checkout",
    "sampleCount" : 225,
    "errorCount" : 225,
    "errorPct" : 100.0,
    "meanResTime" : 74.20444444444442,
    "medianResTime" : 73.0,
    "minResTime" : 68.0,
    "maxResTime" : 144.0,
    "pct1ResTime" : 77.0,
    "pct2ResTime" : 79.0,
    "pct3ResTime" : 86.70000000000005,
    "throughput" : 11.664679350925397,
    "receivedKBytesPerSec" : 11.265984255923064,
    "sentKBytesPerSec" : 5.091905927601223
  },
  "Total" : {
    "transaction" : "Total",
    "sampleCount" : 1800,
    "errorCount" : 675,
    "errorPct" : 37.5,
    "meanResTime" : 26.807222222222233,
    "medianResTime" : 28.0,
    "minResTime" : 8.0,
    "maxResTime" : 597.0,
    "pct1ResTime" : 40.0,
    "pct2ResTime" : 43.0,
    "pct3ResTime" : 81.0,
    "throughput" : 89.8069151324652,
    "receivedKBytesPerSec" : 668.0689739715862,
    "sentKBytesPerSec" : 18.340694460035923
  },
  "Open Checkout Page" : {
    "transaction" : "Open Checkout Page",
    "sampleCount" : 225,
    "errorCount" : 225,
    "errorPct" : 100.0,
    "meanResTime" : 37.2,
    "medianResTime" : 37.0,
    "minResTime" : 33.0,
    "maxResTime" : 66.0,
    "pct1ResTime" : 40.0,
    "pct2ResTime" : 41.0,
    "pct3ResTime" : 50.180000000000064,
    "throughput" : 11.68709744442136,
    "receivedKBytesPerSec" : 5.660937824641596,
    "sentKBytesPerSec" : 2.2027439519270726
  },
  "View Cart" : {
    "transaction" : "View Cart",
    "sampleCount" : 225,
    "errorCount" : 0,
    "errorPct" : 0.0,
    "meanResTime" : 12.617777777777777,
    "medianResTime" : 11.0,
    "minResTime" : 8.0,
    "maxResTime" : 43.0,
    "pct1ResTime" : 15.0,
    "pct2ResTime" : 36.69999999999999,
    "pct3ResTime" : 42.74000000000001,
    "throughput" : 11.694994542335879,
    "receivedKBytesPerSec" : 146.11398274663443,
    "sentKBytesPerSec" : 2.1585487973647277
  },
  "Cart" : {
    "transaction" : "Cart",
    "sampleCount" : 225,
    "errorCount" : 0,
    "errorPct" : 0.0,
    "meanResTime" : 41.21777777777779,
    "medianResTime" : 34.0,
    "minResTime" : 27.0,
    "maxResTime" : 130.0,
    "pct1ResTime" : 62.400000000000006,
    "pct2ResTime" : 88.69999999999999,
    "pct3ResTime" : 123.44000000000005,
    "throughput" : 11.647168443938295,
    "receivedKBytesPerSec" : 390.74501032068537,
    "sentKBytesPerSec" : 6.528783873848224
  }
}