{
  "Open Product Page" : {
    "transaction" : "Open Product Page",
    "sampleCount" : 225,
    "errorCount" : 0,
    "errorPct" : 0.0,
    "meanResTime" : 36.675555555555555,
    "medianResTime" : 36.0,
    "minResTime" : 23.0,
    "maxResTime" : 76.0,
    "pct1ResTime" : 45.0,
    "pct2ResTime" : 49.69999999999999,
    "pct3ResTime" : 63.0,
    "throughput" : 11.507185598117935,
    "receivedKBytesPerSec" : 214.89409393699177,
    "sentKBytesPerSec" : 2.2025472433897613
  },
  "Homepage" : {
    "transaction" : "Homepage",
    "sampleCount" : 225,
    "errorCount" : 0,
    "errorPct" : 0.0,
    "meanResTime" : 100.47555555555556,
    "medianResTime" : 113.0,
    "minResTime" : 25.0,
    "maxResTime" : 628.0,
    "pct1ResTime" : 142.0,
    "pct2ResTime" : 153.19999999999993,
    "pct3ResTime" : 611.5800000000002,
    "throughput" : 11.110013825794983,
    "receivedKBytesPerSec" : 184.62099229397097,
    "sentKBytesPerSec" : 1.9529321178155246
  },
  "Send Message" : {
    "transaction" : "Send Message",
    "sampleCount" : 225,
    "errorCount" : 225,
    "errorPct" : 100.0,
    "meanResTime" : 29.671111111111124,
    "medianResTime" : 29.0,
    "minResTime" : 23.0,
    "maxResTime" : 42.0,
    "pct1ResTime" : 33.0,
    "pct2ResTime" : 34.0,
    "pct3ResTime" : 40.48000000000002,
    "throughput" : 11.5183782123477,
    "receivedKBytesPerSec" : 5.579414418449883,
    "sentKBytesPerSec" : 3.1833017911078123
  },
  "Open Contact Page" : {
    "transaction" : "Open Contact Page",
    "sampleCount" : 225,
    "errorCount" : 0,
    "errorPct" : 0.0,
    "meanResTime" : 35.84444444444446,
    "medianResTime" : 36.0,
    "minResTime" : 25.0,
    "maxResTime" : 77.0,
    "pct1ResTime" : 41.0,
    "pct2ResTime" : 43.0,
    "pct3ResTime" : 61.180000000000064,
    "throughput" : 11.518967900476117,
    "receivedKBytesPerSec" : 255.1965343905186,
    "sentKBytesPerSec" : 2.126059505068346
  },
  "Open Homepage" : {
    "transaction" : "Open Homepage",
    "sampleCount" : 225,
    "errorCount" : 0,
    "errorPct" : 0.0,
    "meanResTime" : 100.47555555555556,
    "medianResTime" : 113.0,
    "minResTime" : 25.0,
    "maxResTime" : 628.0,
    "pct1ResTime" : 142.0,
    "pct2ResTime" : 153.19999999999993,
    "pct3ResTime" : 611.5800000000002,
    "throughput" : 11.185126267647643,
    "receivedKBytesPerSec" : 185.8691755785196,
    "sentKBytesPerSec" : 1.9661354767349375
  },
  "Contact" : {
    "transaction" : "Contact",
    "sampleCount" : 225,
    "errorCount" : 225,
    "errorPct" : 100.0,
    "meanResTime" : 65.51555555555561,
    "medianResTime" : 66.0,
    "minResTime" : 51.0,
    "maxResTime" : 108.0,
    "pct1ResTime" : 74.0,
    "pct2ResTime" : 75.69999999999999,
    "pct3ResTime" : 90.22000000000003,
    "throughput" : 11.498952317677723,
    "receivedKBytesPerSec" : 260.3231045893596,
    "sentKBytesPerSec" : 5.300298333929575
  },
  "Submit Order" : {
    "transaction" : "Submit Order",
    "sampleCount" : 225,
    "errorCount" : 225,
    "errorPct" : 100.0,
    "meanResTime" : 29.733333333333338,
    "medianResTime" : 30.0,
    "minResTime" : 23.0,
    "maxResTime" : 43.0,
    "pct1ResTime" : 33.0,
    "pct2ResTime" : 33.0,
    "pct3ResTime" : 35.74000000000001,
    "throughput" : 11.523097408583427,
    "receivedKBytesPerSec" : 5.547741232843388,
    "sentKBytesPerSec" : 2.8582683025197175
  },
  "CartPage" : {
    "transaction" : "CartPage",
    "sampleCount" : 225,
    "errorCount" : 0,
    "errorPct" : 0.0,
    "meanResTime" : 38.09333333333334,
    "medianResTime" : 36.0,
    "minResTime" : 22.0,
    "maxResTime" : 158.0,
    "pct1ResTime" : 42.0,
    "pct2ResTime" : 50.39999999999998,
    "pct3ResTime" : 153.22000000000003,
    "throughput" : 11.512484650020467,
    "receivedKBytesPerSec" : 256.0558967106273,
    "sentKBytesPerSec" : 2.1248628895057307
  },
  "Checkout" : {
    "transaction" : "Checkout",
    "sampleCount" : 225,
    "errorCount" : 225,
    "errorPct" : 100.0,
    "meanResTime" : 59.817777777777806,
    "medianResTime" : 60.0,
    "minResTime" : 47.0,
    "maxResTime" : 76.0,
    "pct1ResTime" : 66.0,
    "pct2ResTime" : 67.0,
    "pct3ResTime" : 70.74000000000001,
    "throughput" : 11.505420331356106,
    "receivedKBytesPerSec" : 11.112168659874207,
    "sentKBytesPerSec" : 5.022385632925956
  },
  "Total" : {
    "transaction" : "Total",
    "sampleCount" : 1800,
    "errorCount" : 675,
    "errorPct" : 37.5,
    "meanResTime" : 42.027777777777864,
    "medianResTime" : 33.0,
    "minResTime" : 22.0,
    "maxResTime" : 628.0,
    "pct1ResTime" : 46.90000000000009,
    "pct2ResTime" : 121.89999999999964,
    "pct3ResTime" : 144.99,
    "throughput" : 88.32621816575886,
    "receivedKBytesPerSec" : 1130.633767450562,
    "sentKBytesPerSec" : 18.038301146400705
  },
  "Open Checkout Page" : {
    "transaction" : "Open Checkout Page",
    "sampleCount" : 225,
    "errorCount" : 225,
    "errorPct" : 100.0,
    "meanResTime" : 30.084444444444447,
    "medianResTime" : 30.0,
    "minResTime" : 24.0,
    "maxResTime" : 40.0,
    "pct1ResTime" : 33.0,
    "pct2ResTime" : 34.0,
    "pct3ResTime" : 38.0,
    "throughput" : 11.52486810428725,
    "receivedKBytesPerSec" : 5.582357988014137,
    "sentKBytesPerSec" : 2.1721675235619524
  },
  "View Cart" : {
    "transaction" : "View Cart",
    "sampleCount" : 225,
    "errorCount" : 0,
    "errorPct" : 0.0,
    "meanResTime" : 35.64444444444441,
    "medianResTime" : 36.0,
    "minResTime" : 24.0,
    "maxResTime" : 93.0,
    "pct1ResTime" : 40.400000000000006,
    "pct2ResTime" : 42.69999999999999,
    "pct3ResTime" : 51.48000000000002,
    "throughput" : 11.516609510160208,
    "receivedKBytesPerSec" : 244.92034545029944,
    "sentKBytesPerSec" : 2.125624216230742
  },
  "Cart" : {
    "transaction" : "Cart",
    "sampleCount" : 225,
    "errorCount" : 0,
    "errorPct" : 0.0,
    "meanResTime" : 110.4133333333333,
    "medianResTime" : 108.0,
    "minResTime" : 77.0,
    "maxResTime" : 254.0,
    "pct1ResTime" : 124.0,
    "pct2ResTime" : 136.49999999999994,
    "pct3ResTime" : 240.98000000000025,
    "throughput" : 11.460296439667907,
    "receivedKBytesPerSec" : 712.6363496727449,
    "sentKBytesPerSec" : 6.424033355829471
  }
}