{
  "Open Product Page" : {
    "transaction" : "Open Product Page",
    "sampleCount" : 225,
    "errorCount" : 0,
    "errorPct" : 0.0,
    "meanResTime" : 21.702222222222225,
    "medianResTime" : 19.0,
    "minResTime" : 14.0,
    "maxResTime" : 114.0,
    "pct1ResTime" : 29.0,
    "pct2ResTime" : 37.39999999999998,
    "pct3ResTime" : 78.46000000000026,
    "throughput" : 11.643552059614986,
    "receivedKBytesPerSec" : 184.12372365646345,
    "sentKBytesPerSec" : 2.228648636410681
  },
  "Homepage" : {
    "transaction" : "Homepage",
    "sampleCount" : 225,
    "errorCount" : 0,
    "errorPct" : 0.0,
    "meanResTime" : 54.1777777777778,
    "medianResTime" : 49.0,
    "minResTime" : 14.0,
    "maxResTime" : 567.0,
    "pct1ResTime" : 70.0,
    "pct2ResTime" : 114.69999999999999,
    "pct3ResTime" : 562.7,
    "throughput" : 11.246063877642825,
    "receivedKBytesPerSec" : 109.58488747688308,
    "sentKBytesPerSec" : 1.9768471659919027
  },
  "Send Message" : {
    "transaction" : "Send Message",
    "sampleCount" : 225,
    "errorCount" : 225,
    "errorPct" : 100.0,
    "meanResTime" : 19.102222222222217,
    "medianResTime" : 18.0,
    "minResTime" : 16.0,
    "maxResTime" : 37.0,
    "pct1ResTime" : 22.0,
    "pct2ResTime" : 25.0,
    "pct3ResTime" : 28.74000000000001,
    "throughput" : 11.664679350925397,
    "receivedKBytesPerSec" : 5.650281572398776,
    "sentKBytesPerSec" : 3.2237346253045773
  },
  "Open Contact Page" : {
    "transaction" : "Open Contact Page",
    "sampleCount" : 225,
    "errorCount" : 0,
    "errorPct" : 0.0,
    "meanResTime" : 18.888888888888882,
    "medianResTime" : 18.0,
    "minResTime" : 14.0,
    "maxResTime" : 59.0,
    "pct1ResTime" : 23.400000000000006,
    "pct2ResTime" : 26.69999999999999,
    "pct3ResTime" : 46.22000000000003,
    "throughput" : 11.662865436450343,
    "receivedKBytesPerSec" : 183.51392214065413,
    "sentKBytesPerSec" : 2.1526187182510883
  },
  "Open Homepage" : {
    "transaction" : "Open Homepage",
    "sampleCount" : 225,
    "errorCount" : 0,
    "errorPct" : 0.0,
    "meanResTime" : 54.1777777777778,
    "medianResTime" : 49.0,
    "minResTime" : 14.0,
    "maxResTime" : 567.0,
    "pct1ResTime" : 70.0,
    "pct2ResTime" : 114.69999999999999,
    "pct3ResTime" : 562.7,
    "throughput" : 11.318476784546506,
    "receivedKBytesPerSec" : 110.29049971075003,
    "sentKBytesPerSec" : 1.9895759972835654
  },
  "Contact" : {
    "transaction" : "Contact",
    "sampleCount" : 225,
    "errorCount" : 225,
    "errorPct" : 100.0,
    "meanResTime" : 37.99111111111111,
    "medianResTime" : 37.0,
    "minResTime" : 30.0,
    "maxResTime" : 80.0,
    "pct1ResTime" : 44.0,
    "pct2ResTime" : 49.0,
    "pct3ResTime" : 65.0,
    "throughput" : 11.652597234450257,
    "receivedKBytesPerSec" : 188.99678218382618,
    "sentKBytesPerSec" : 5.371119037754415
  },
  "Submit Order" : {
    "transaction" : "Submit Order",
    "sampleCount" : 225,
    "errorCount" : 225,
    "errorPct" : 100.0,
    "meanResTime" : 18.888888888888886,
    "medianResTime" : 18.0,
    "minResTime" : 16.0,
    "maxResTime" : 40.0,
    "pct1ResTime" : 21.0,
    "pct2ResTime" : 23.0,
    "pct3ResTime" : 29.480000000000018,
    "throughput" : 11.656823127137084,
    "receivedKBytesPerSec" : 5.612122853201741,
    "sentKBytesPerSec" : 2.8914385491140817
  },
  "CartPage" : {
    "transaction" : "CartPage",
    "sampleCount" : 225,
    "errorCount" : 0,
    "errorPct" : 0.0,
    "meanResTime" : 19.422222222222217,
    "medianResTime" : 18.0,
    "minResTime" : 14.0,
    "maxResTime" : 48.0,
    "pct1ResTime" : 25.0,
    "pct2ResTime" : 29.0,
    "pct3ResTime" : 44.22000000000003,
    "throughput" : 11.647771393073459,
    "receivedKBytesPerSec" : 175.77609343453952,
    "sentKBytesPerSec" : 2.1498328059481286
  },
  "Checkout" : {
    "transaction" : "Checkout",
    "sampleCount" : 225,
    "errorCount" : 225,
    "errorPct" : 100.0,
    "meanResTime" : 38.38222222222222,
    "medianResTime" : 37.0,
    "minResTime" : 33.0,
    "maxResTime" : 79.0,
    "pct1ResTime" : 42.0,
    "pct2ResTime" : 44.69999999999999,
    "pct3ResTime" : 68.36000000000013,
    "throughput" : 11.644757271503984,
    "receivedKBytesPerSec" : 11.246743106950627,
    "sentKBytesPerSec" : 5.083209473010041
  },
  "Total" : {
    "transaction" : "Total",
    "sampleCount" : 1800,
    "errorCount" : 675,
    "errorPct" : 37.5,
    "meanResTime" : 23.914444444444467,
    "medianResTime" : 19.0,
    "minResTime" : 13.0,
    "maxResTime" : 567.0,
    "pct1ResTime" : 33.0,
    "pct2ResTime" : 51.94999999999982,
    "pct3ResTime" : 100.85000000000014,
    "throughput" : 89.98200359928015,
    "receivedKBytesPerSec" : 834.8782391959107,
    "sentKBytesPerSec" : 18.37645166279244
  },
  "Open Checkout Page" : {
    "transaction" : "Open Checkout Page",
    "sampleCount" : 225,
    "errorCount" : 225,
    "errorPct" : 100.0,
    "meanResTime" : 19.493333333333336,
    "medianResTime" : 19.0,
    "minResTime" : 16.0,
    "maxResTime" : 60.0,
    "pct1ResTime" : 21.0,
    "pct2ResTime" : 23.0,
    "pct3ResTime" : 50.06000000000017,
    "throughput" : 11.656823127137084,
    "receivedKBytesPerSec" : 5.646273702207026,
    "sentKBytesPerSec" : 2.197037952673298
  },
  "View Cart" : {
    "transaction" : "View Cart",
    "sampleCount" : 225,
    "errorCount" : 0,
    "errorPct" : 0.0,
    "meanResTime" : 19.64,
    "medianResTime" : 18.0,
    "minResTime" : 13.0,
    "maxResTime" : 80.0,
    "pct1ResTime" : 25.0,
    "pct2ResTime" : 30.69999999999999,
    "pct3ResTime" : 52.440000000000055,
    "throughput" : 11.650183814011287,
    "receivedKBytesPerSec" : 190.97589099634962,
    "sentKBytesPerSec" : 2.150278067234505
  },
  "Cart" : {
    "transaction" : "Cart",
    "sampleCount" : 225,
    "errorCount" : 0,
    "errorPct" : 0.0,
    "meanResTime" : 60.76444444444442,
    "medianResTime" : 57.0,
    "minResTime" : 43.0,
    "maxResTime" : 145.0,
    "pct1ResTime" : 76.4,
    "pct2ResTime" : 86.69999999999999,
    "pct3ResTime" : 137.32000000000016,
    "throughput" : 11.62190082644628,
    "receivedKBytesPerSec" : 549.6792879971591,
    "sentKBytesPerSec" : 6.51462018982438
  }
}