{
  "Open Product Page" : {
    "transaction" : "Open Product Page",
    "sampleCount" : 225,
    "errorCount" : 0,
    "errorPct" : 0.0,
    "meanResTime" : 24.391111111111123,
    "medianResTime" : 21.0,
    "minResTime" : 18.0,
    "maxResTime" : 81.0,
    "pct1ResTime" : 24.0,
    "pct2ResTime" : 65.69999999999999,
    "pct3ResTime" : 77.74000000000001,
    "throughput" : 11.494840094002248,
    "receivedKBytesPerSec" : 62.386598213829565,
    "sentKBytesPerSec" : 2.2001842367426176
  },
  "Homepage" : {
    "transaction" : "Homepage",
    "sampleCount" : 225,
    "errorCount" : 0,
    "errorPct" : 0.0,
    "meanResTime" : 59.43111111111114,
    "medianResTime" : 61.0,
    "minResTime" : 17.0,
    "maxResTime" : 557.0,
    "pct1ResTime" : 72.4,
    "pct2ResTime" : 112.39999999999998,
    "pct3ResTime" : 550.48,
    "throughput" : 11.119897202728081,
    "receivedKBytesPerSec" : 55.62154240696352,
    "sentKBytesPerSec" : 1.9546694301670453
  },
  "Send Message" : {
    "transaction" : "Send Message",
    "sampleCount" : 225,
    "errorCount" : 225,
    "errorPct" : 100.0,
    "meanResTime" : 64.04000000000002,
    "medianResTime" : 63.0,
    "minResTime" : 59.0,
    "maxResTime" : 86.0,
    "pct1ResTime" : 67.0,
    "pct2ResTime" : 69.69999999999999,
    "pct3ResTime" : 79.48000000000002,
    "throughput" : 11.469059027423794,
    "receivedKBytesPerSec" : 5.555325466408401,
    "sentKBytesPerSec" : 3.1696715866806
  },
  "Open Contact Page" : {
    "transaction" : "Open Contact Page",
    "sampleCount" : 225,
    "errorCount" : 0,
    "errorPct" : 0.0,
    "meanResTime" : 22.408888888888907,
    "medianResTime" : 21.0,
    "minResTime" : 17.0,
    "maxResTime" : 69.0,
    "pct1ResTime" : 23.0,
    "pct2ResTime" : 26.69999999999999,
    "pct3ResTime" : 68.48000000000002,
    "throughput" : 11.49131767109295,
    "receivedKBytesPerSec" : 65.96235795454545,
    "sentKBytesPerSec" : 2.1209560935903986
  },
  "Open Homepage" : {
    "transaction" : "Open Homepage",
    "sampleCount" : 225,
    "errorCount" : 0,
    "errorPct" : 0.0,
    "meanResTime" : 59.43111111111114,
    "medianResTime" : 61.0,
    "minResTime" : 17.0,
    "maxResTime" : 557.0,
    "pct1ResTime" : 72.4,
    "pct2ResTime" : 112.39999999999998,
    "pct3ResTime" : 550.48,
    "throughput" : 11.18957628804456,
    "receivedKBytesPerSec" : 55.97007604249552,
    "sentKBytesPerSec" : 1.9669177068828327
  },
  "Contact" : {
    "transaction" : "Contact",
    "sampleCount" : 225,
    "errorCount" : 225,
    "errorPct" : 100.0,
    "meanResTime" : 86.44888888888886,
    "medianResTime" : 84.0,
    "minResTime" : 78.0,
    "maxResTime" : 140.0,
    "pct1ResTime" : 91.0,
    "pct2ResTime" : 99.69999999999999,
    "pct3ResTime" : 132.48000000000002,
    "throughput" : 11.45271302046218,
    "receivedKBytesPerSec" : 71.28816775679527,
    "sentKBytesPerSec" : 5.278984907869286
  },
  "Submit Order" : {
    "transaction" : "Submit Order",
    "sampleCount" : 225,
    "errorCount" : 225,
    "errorPct" : 100.0,
    "meanResTime" : 63.90222222222223,
    "medianResTime" : 63.0,
    "minResTime" : 60.0,
    "maxResTime" : 105.0,
    "pct1ResTime" : 67.0,
    "pct2ResTime" : 69.0,
    "pct3ResTime" : 75.48000000000002,
    "throughput" : 11.466721027418204,
    "receivedKBytesPerSec" : 5.520798163413516,
    "sentKBytesPerSec" : 2.8442843173478747
  },
  "CartPage" : {
    "transaction" : "CartPage",
    "sampleCount" : 225,
    "errorCount" : 0,
    "errorPct" : 0.0,
    "meanResTime" : 23.16888888888889,
    "medianResTime" : 21.0,
    "minResTime" : 18.0,
    "maxResTime" : 75.0,
    "pct1ResTime" : 22.400000000000006,
    "pct2ResTime" : 63.0,
    "pct3ResTime" : 73.0,
    "throughput" : 11.495427374444388,
    "receivedKBytesPerSec" : 66.17259945141267,
    "sentKBytesPerSec" : 2.121714622822255
  },
  "Checkout" : {
    "transaction" : "Checkout",
    "sampleCount" : 225,
    "errorCount" : 225,
    "errorPct" : 100.0,
    "meanResTime" : 128.03111111111104,
    "medianResTime" : 127.0,
    "minResTime" : 121.0,
    "maxResTime" : 169.0,
    "pct1ResTime" : 134.0,
    "pct2ResTime" : 137.0,
    "pct3ResTime" : 149.84000000000015,
    "throughput" : 11.430022860045721,
    "receivedKBytesPerSec" : 11.039546688468377,
    "sentKBytesPerSec" : 4.989472869570739
  },
  "Total" : {
    "transaction" : "Total",
    "sampleCount" : 1800,
    "errorCount" : 675,
    "errorPct" : 37.5,
    "meanResTime" : 42.9338888888889,
    "medianResTime" : 23.0,
    "minResTime" : 17.0,
    "maxResTime" : 557.0,
    "pct1ResTime" : 66.0,
    "pct2ResTime" : 69.0,
    "pct3ResTime" : 85.95000000000005,
    "throughput" : 87.86917256529166,
    "receivedKBytesPerSec" : 319.8271029106663,
    "sentKBytesPerSec" : 17.944961633512328
  },
  "Open Checkout Page" : {
    "transaction" : "Open Checkout Page",
    "sampleCount" : 225,
    "errorCount" : 225,
    "errorPct" : 100.0,
    "meanResTime" : 64.12444444444449,
    "medianResTime" : 63.0,
    "minResTime" : 60.0,
    "maxResTime" : 89.0,
    "pct1ResTime" : 68.0,
    "pct2ResTime" : 70.0,
    "pct3ResTime" : 75.74000000000001,
    "throughput" : 11.466721027418204,
    "receivedKBytesPerSec" : 5.554192997655693,
    "sentKBytesPerSec" : 2.161208162394251
  },
  "View Cart" : {
    "transaction" : "View Cart",
    "sampleCount" : 225,
    "errorCount" : 0,
    "errorPct" : 0.0,
    "meanResTime" : 22.00444444444443,
    "medianResTime" : 21.0,
    "minResTime" : 18.0,
    "maxResTime" : 73.0,
    "pct1ResTime" : 22.0,
    "pct2ResTime" : 24.0,
    "pct3ResTime" : 68.74000000000001,
    "throughput" : 11.493078612657712,
    "receivedKBytesPerSec" : 65.99680907442406,
    "sentKBytesPerSec" : 2.1212811111253
  },
  "Cart" : {
    "transaction" : "Cart",
    "sampleCount" : 225,
    "errorCount" : 0,
    "errorPct" : 0.0,
    "meanResTime" : 69.56444444444443,
    "medianResTime" : 62.0,
    "minResTime" : 54.0,
    "maxResTime" : 217.0,
    "pct1ResTime" : 101.4,
    "pct2ResTime" : 136.29999999999967,
    "pct3ResTime" : 209.22000000000003,
    "throughput" : 11.413787855729721,
    "receivedKBytesPerSec" : 193.19084328869272,
    "sentKBytesPerSec" : 6.397963114442246
  }
}