{
  "Open Product Page" : {
    "transaction" : "Open Product Page",
    "sampleCount" : 225,
    "errorCount" : 0,
    "errorPct" : 0.0,
    "meanResTime" : 23.42666666666667,
    "medianResTime" : 20.0,
    "minResTime" : 17.0,
    "maxResTime" : 73.0,
    "pct1ResTime" : 23.0,
    "pct2ResTime" : 65.0,
    "pct3ResTime" : 71.48000000000002,
    "throughput" : 11.516020063466065,
    "receivedKBytesPerSec" : 62.626806175785646,
    "sentKBytesPerSec" : 2.2042382152728015
  },
  "Homepage" : {
    "transaction" : "Homepage",
    "sampleCount" : 225,
    "errorCount" : 0,
    "errorPct" : 0.0,
    "meanResTime" : 59.35555555555553,
    "medianResTime" : 59.0,
    "minResTime" : 18.0,
    "maxResTime" : 604.0,
    "pct1ResTime" : 69.0,
    "pct2ResTime" : 101.0,
    "pct3ResTime" : 598.22,
    "throughput" : 11.134755282822784,
    "receivedKBytesPerSec" : 55.64970910451824,
    "sentKBytesPerSec" : 1.9572812020586925
  },
  "Send Message" : {
    "transaction" : "Send Message",
    "sampleCount" : 225,
    "errorCount" : 225,
    "errorPct" : 100.0,
    "meanResTime" : 63.78666666666665,
    "medianResTime" : 64.0,
    "minResTime" : 59.0,
    "maxResTime" : 74.0,
    "pct1ResTime" : 67.0,
    "pct2ResTime" : 68.69999999999999,
    "pct3ResTime" : 72.74000000000001,
    "throughput" : 11.498952317677723,
    "receivedKBytesPerSec" : 5.569805028875147,
    "sentKBytesPerSec" : 3.1779331112331985
  },
  "Open Contact Page" : {
    "transaction" : "Open Contact Page",
    "sampleCount" : 225,
    "errorCount" : 0,
    "errorPct" : 0.0,
    "meanResTime" : 21.32,
    "medianResTime" : 20.0,
    "minResTime" : 17.0,
    "maxResTime" : 73.0,
    "pct1ResTime" : 22.0,
    "pct2ResTime" : 23.0,
    "pct3ResTime" : 67.74000000000001,
    "throughput" : 11.523097408583427,
    "receivedKBytesPerSec" : 66.2318031086756,
    "sentKBytesPerSec" : 2.1268216896701833
  },
  "Open Homepage" : {
    "transaction" : "Open Homepage",
    "sampleCount" : 225,
    "errorCount" : 0,
    "errorPct" : 0.0,
    "meanResTime" : 59.35555555555553,
    "medianResTime" : 59.0,
    "minResTime" : 18.0,
    "maxResTime" : 604.0,
    "pct1ResTime" : 69.0,
    "pct2ResTime" : 101.0,
    "pct3ResTime" : 598.22,
    "throughput" : 11.20406334030475,
    "receivedKBytesPerSec" : 55.996099585449656,
    "sentKBytesPerSec" : 1.9694642590379443
  },
  "Contact" : {
    "transaction" : "Contact",
    "sampleCount" : 225,
    "errorCount" : 225,
    "errorPct" : 100.0,
    "meanResTime" : 85.10666666666673,
    "medianResTime" : 84.0,
    "minResTime" : 77.0,
    "maxResTime" : 142.0,
    "pct1ResTime" : 88.0,
    "pct2ResTime" : 91.0,
    "pct3ResTime" : 131.48000000000002,
    "throughput" : 11.486624463957524,
    "receivedKBytesPerSec" : 71.58599971921585,
    "sentKBytesPerSec" : 5.2946159638554215
  },
  "Submit Order" : {
    "transaction" : "Submit Order",
    "sampleCount" : 225,
    "errorCount" : 225,
    "errorPct" : 100.0,
    "meanResTime" : 63.719999999999985,
    "medianResTime" : 63.0,
    "minResTime" : 59.0,
    "maxResTime" : 77.0,
    "pct1ResTime" : 67.0,
    "pct2ResTime" : 69.0,
    "pct3ResTime" : 74.48000000000002,
    "throughput" : 11.523097408583427,
    "receivedKBytesPerSec" : 5.547941286617843,
    "sentKBytesPerSec" : 2.8582683025197175
  },
  "CartPage" : {
    "transaction" : "CartPage",
    "sampleCount" : 225,
    "errorCount" : 0,
    "errorPct" : 0.0,
    "meanResTime" : 21.915555555555557,
    "medianResTime" : 20.0,
    "minResTime" : 18.0,
    "maxResTime" : 70.0,
    "pct1ResTime" : 22.0,
    "pct2ResTime" : 24.399999999999977,
    "pct3ResTime" : 67.74000000000001,
    "throughput" : 11.543197209111431,
    "receivedKBytesPerSec" : 66.33956599181715,
    "sentKBytesPerSec" : 2.1305315161348246
  },
  "Checkout" : {
    "transaction" : "Checkout",
    "sampleCount" : 225,
    "errorCount" : 225,
    "errorPct" : 100.0,
    "meanResTime" : 127.72888888888886,
    "medianResTime" : 127.0,
    "minResTime" : 119.0,
    "maxResTime" : 141.0,
    "pct1ResTime" : 133.0,
    "pct2ResTime" : 135.7,
    "pct3ResTime" : 140.74,
    "throughput" : 11.483693155718878,
    "receivedKBytesPerSec" : 11.091383481983362,
    "sentKBytesPerSec" : 5.012901211529628
  },
  "Total" : {
    "transaction" : "Total",
    "sampleCount" : 1800,
    "errorCount" : 675,
    "errorPct" : 37.5,
    "meanResTime" : 42.396666666666704,
    "medianResTime" : 22.0,
    "minResTime" : 17.0,
    "maxResTime" : 604.0,
    "pct1ResTime" : 66.0,
    "pct2ResTime" : 68.0,
    "pct3ResTime" : 75.0,
    "throughput" : 87.86059452335627,
    "receivedKBytesPerSec" : 319.86938363352374,
    "sentKBytesPerSec" : 17.94320979462586
  },
  "Open Checkout Page" : {
    "transaction" : "Open Checkout Page",
    "sampleCount" : 225,
    "errorCount" : 225,
    "errorPct" : 100.0,
    "meanResTime" : 64.00888888888885,
    "medianResTime" : 64.0,
    "minResTime" : 59.0,
    "maxResTime" : 75.0,
    "pct1ResTime" : 67.0,
    "pct2ResTime" : 70.0,
    "pct3ResTime" : 74.0,
    "throughput" : 11.520737327188941,
    "receivedKBytesPerSec" : 5.580357142857142,
    "sentKBytesPerSec" : 2.171388968894009
  },
  "View Cart" : {
    "transaction" : "View Cart",
    "sampleCount" : 225,
    "errorCount" : 0,
    "errorPct" : 0.0,
    "meanResTime" : 21.639999999999997,
    "medianResTime" : 20.0,
    "minResTime" : 17.0,
    "maxResTime" : 70.0,
    "pct1ResTime" : 22.0,
    "pct2ResTime" : 23.0,
    "pct3ResTime" : 67.74000000000001,
    "throughput" : 11.544381734222679,
    "receivedKBytesPerSec" : 66.31180052270396,
    "sentKBytesPerSec" : 2.130750144304772
  },
  "Cart" : {
    "transaction" : "Cart",
    "sampleCount" : 225,
    "errorCount" : 0,
    "errorPct" : 0.0,
    "meanResTime" : 66.9822222222222,
    "medianResTime" : 60.0,
    "minResTime" : 53.0,
    "maxResTime" : 206.0,
    "pct1ResTime" : 75.20000000000005,
    "pct2ResTime" : 109.69999999999999,
    "pct3ResTime" : 201.48000000000002,
    "throughput" : 11.466721027418204,
    "receivedKBytesPerSec" : 194.12447006230252,
    "sentKBytesPerSec" : 6.427634638416063
  }
}