{
  "Open Product Page" : {
    "transaction" : "Open Product Page",
    "sampleCount" : 225,
    "errorCount" : 0,
    "errorPct" : 0.0,
    "meanResTime" : 16.19111111111111,
    "medianResTime" : 12.0,
    "minResTime" : 9.0,
    "maxResTime" : 49.0,
    "pct1ResTime" : 39.0,
    "pct2ResTime" : 41.0,
    "pct3ResTime" : 45.74000000000001,
    "throughput" : 11.620100191086093,
    "receivedKBytesPerSec" : 128.8327165534783,
    "sentKBytesPerSec" : 2.2241598022000724
  },
  "Homepage" : {
    "transaction" : "Homepage",
    "sampleCount" : 225,
    "errorCount" : 0,
    "errorPct" : 0.0,
    "meanResTime" : 53.8977777777778,
    "medianResTime" : 44.0,
    "minResTime" : 8.0,
    "maxResTime" : 558.0,
    "pct1ResTime" : 85.4,
    "pct2ResTime" : 97.09999999999997,
    "pct3ResTime" : 553.74,
    "throughput" : 11.223624482466203,
    "receivedKBytesPerSec" : 130.2596125667182,
    "sentKBytesPerSec" : 1.9729027410585125
  },
  "Send Message" : {
    "transaction" : "Send Message",
    "sampleCount" : 225,
    "errorCount" : 225,
    "errorPct" : 100.0,
    "meanResTime" : 37.83555555555555,
    "medianResTime" : 37.0,
    "minResTime" : 34.0,
    "maxResTime" : 58.0,
    "pct1ResTime" : 40.400000000000006,
    "pct2ResTime" : 41.0,
    "pct3ResTime" : 53.40000000000009,
    "throughput" : 11.64656555722346,
    "receivedKBytesPerSec" : 5.641305191780113,
    "sentKBytesPerSec" : 3.218728567084218
  },
  "Open Contact Page" : {
    "transaction" : "Open Contact Page",
    "sampleCount" : 225,
    "errorCount" : 0,
    "errorPct" : 0.0,
    "meanResTime" : 13.19555555555556,
    "medianResTime" : 12.0,
    "minResTime" : 9.0,
    "maxResTime" : 40.0,
    "pct1ResTime" : 16.0,
    "pct2ResTime" : 33.89999999999992,
    "pct3ResTime" : 39.74000000000001,
    "throughput" : 11.66044776119403,
    "receivedKBytesPerSec" : 126.69278930866501,
    "sentKBytesPerSec" : 2.1521724871735075
  },
  "Open Homepage" : {
    "transaction" : "Open Homepage",
    "sampleCount" : 225,
    "errorCount" : 0,
    "errorPct" : 0.0,
    "meanResTime" : 53.8977777777778,
    "medianResTime" : 44.0,
    "minResTime" : 8.0,
    "maxResTime" : 558.0,
    "pct1ResTime" : 85.4,
    "pct2ResTime" : 97.09999999999997,
    "pct3ResTime" : 553.74,
    "throughput" : 11.299718762555242,
    "receivedKBytesPerSec" : 131.14275075959222,
    "sentKBytesPerSec" : 1.986278688730414
  },
  "Contact" : {
    "transaction" : "Contact",
    "sampleCount" : 225,
    "errorCount" : 225,
    "errorPct" : 100.0,
    "meanResTime" : 51.03111111111113,
    "medianResTime" : 49.0,
    "minResTime" : 43.0,
    "maxResTime" : 80.0,
    "pct1ResTime" : 55.0,
    "pct2ResTime" : 72.69999999999999,
    "pct3ResTime" : 78.48000000000002,
    "throughput" : 11.636927851047323,
    "receivedKBytesPerSec" : 132.07387832945435,
    "sentKBytesPerSec" : 5.363896431342125
  },
  "Submit Order" : {
    "transaction" : "Submit Order",
    "sampleCount" : 225,
    "errorCount" : 225,
    "errorPct" : 100.0,
    "meanResTime" : 37.73333333333336,
    "medianResTime" : 38.0,
    "minResTime" : 34.0,
    "maxResTime" : 51.0,
    "pct1ResTime" : 40.0,
    "pct2ResTime" : 41.69999999999999,
    "pct3ResTime" : 47.700000000000045,
    "throughput" : 11.64234709717479,
    "receivedKBytesPerSec" : 5.605153436432785,
    "sentKBytesPerSec" : 2.887847815119528
  },
  "CartPage" : {
    "transaction" : "CartPage",
    "sampleCount" : 225,
    "errorCount" : 0,
    "errorPct" : 0.0,
    "meanResTime" : 14.004444444444449,
    "medianResTime" : 12.0,
    "minResTime" : 8.0,
    "maxResTime" : 48.0,
    "pct1ResTime" : 19.0,
    "pct2ResTime" : 38.0,
    "pct3ResTime" : 43.48000000000002,
    "throughput" : 11.63752974035378,
    "receivedKBytesPerSec" : 151.09539258883314,
    "sentKBytesPerSec" : 2.1479425009051414
  },
  "Checkout" : {
    "transaction" : "Checkout",
    "sampleCount" : 225,
    "errorCount" : 225,
    "errorPct" : 100.0,
    "meanResTime" : 76.19555555555561,
    "medianResTime" : 76.0,
    "minResTime" : 70.0,
    "maxResTime" : 109.0,
    "pct1ResTime" : 81.0,
    "pct2ResTime" : 83.69999999999999,
    "pct3ResTime" : 90.74000000000001,
    "throughput" : 11.616500593732253,
    "receivedKBytesPerSec" : 11.21945223359492,
    "sentKBytesPerSec" : 5.070874770896794
  },
  "Total" : {
    "transaction" : "Total",
    "sampleCount" : 1800,
    "errorCount" : 675,
    "errorPct" : 37.5,
    "meanResTime" : 28.06722222222223,
    "medianResTime" : 23.5,
    "minResTime" : 8.0,
    "maxResTime" : 558.0,
    "pct1ResTime" : 41.0,
    "pct2ResTime" : 55.0,
    "pct3ResTime" : 90.0,
    "throughput" : 89.66822755803527,
    "receivedKBytesPerSec" : 658.8146319555145,
    "sentKBytesPerSec" : 18.312371179759886
  },
  "Open Checkout Page" : {
    "transaction" : "Open Checkout Page",
    "sampleCount" : 225,
    "errorCount" : 225,
    "errorPct" : 100.0,
    "meanResTime" : 38.46222222222224,
    "medianResTime" : 38.0,
    "minResTime" : 34.0,
    "maxResTime" : 73.0,
    "pct1ResTime" : 42.0,
    "pct2ResTime" : 44.0,
    "pct3ResTime" : 52.48000000000002,
    "throughput" : 11.639937920331093,
    "receivedKBytesPerSec" : 5.638094930160373,
    "sentKBytesPerSec" : 2.1938554869374034
  },
  "View Cart" : {
    "transaction" : "View Cart",
    "sampleCount" : 225,
    "errorCount" : 0,
    "errorPct" : 0.0,
    "meanResTime" : 13.217777777777775,
    "medianResTime" : 11.0,
    "minResTime" : 9.0,
    "maxResTime" : 53.0,
    "pct1ResTime" : 16.0,
    "pct2ResTime" : 31.899999999999807,
    "pct3ResTime" : 43.48000000000002,
    "throughput" : 11.654407956075831,
    "receivedKBytesPerSec" : 125.70735781622292,
    "sentKBytesPerSec" : 2.1510577184554025
  },
  "Cart" : {
    "transaction" : "Cart",
    "sampleCount" : 225,
    "errorCount" : 0,
    "errorPct" : 0.0,
    "meanResTime" : 43.41333333333328,
    "medianResTime" : 36.0,
    "minResTime" : 27.0,
    "maxResTime" : 130.0,
    "pct1ResTime" : 66.80000000000001,
    "pct2ResTime" : 93.69999999999999,
    "pct3ResTime" : 125.96000000000004,
    "throughput" : 11.60571516995925,
    "receivedKBytesPerSec" : 404.5377036641822,
    "sentKBytesPerSec" : 6.505547370660752
  }
}