{
  "Open Product Page" : {
    "transaction" : "Open Product Page",
    "sampleCount" : 225,
    "errorCount" : 0,
    "errorPct" : 0.0,
    "meanResTime" : 24.506666666666664,
    "medianResTime" : 20.0,
    "minResTime" : 18.0,
    "maxResTime" : 189.0,
    "pct1ResTime" : 23.0,
    "pct2ResTime" : 64.69999999999999,
    "pct3ResTime" : 69.0,
    "throughput" : 11.532547411583803,
    "receivedKBytesPerSec" : 62.71158019925679,
    "sentKBytesPerSec" : 2.2074016529984624
  },
  "Homepage" : {
    "transaction" : "Homepage",
    "sampleCount" : 225,
    "errorCount" : 0,
    "errorPct" : 0.0,
    "meanResTime" : 59.59111111111112,
    "medianResTime" : 61.0,
    "minResTime" : 18.0,
    "maxResTime" : 586.0,
    "pct1ResTime" : 70.0,
    "pct2ResTime" : 110.99999999999989,
    "pct3ResTime" : 581.96,
    "throughput" : 11.14247511513891,
    "receivedKBytesPerSec" : 55.6688019208389,
    "sentKBytesPerSec" : 1.9586382038330112
  },
  "Send Message" : {
    "transaction" : "Send Message",
    "sampleCount" : 225,
    "errorCount" : 225,
    "errorPct" : 100.0,
    "meanResTime" : 63.67999999999997,
    "medianResTime" : 63.0,
    "minResTime" : 59.0,
    "maxResTime" : 75.0,
    "pct1ResTime" : 67.0,
    "pct2ResTime" : 69.69999999999999,
    "pct3ResTime" : 73.22000000000003,
    "throughput" : 11.563961556252249,
    "receivedKBytesPerSec" : 5.601293878809683,
    "sentKBytesPerSec" : 3.1958995316595566
  },
  "Open Contact Page" : {
    "transaction" : "Open Contact Page",
    "sampleCount" : 225,
    "errorCount" : 0,
    "errorPct" : 0.0,
    "meanResTime" : 21.884444444444448,
    "medianResTime" : 20.0,
    "minResTime" : 18.0,
    "maxResTime" : 71.0,
    "pct1ResTime" : 22.0,
    "pct2ResTime" : 23.0,
    "pct3ResTime" : 68.74000000000001,
    "throughput" : 11.588380716934486,
    "receivedKBytesPerSec" : 66.57866740059744,
    "sentKBytesPerSec" : 2.1388710502935724
  },
  "Open Homepage" : {
    "transaction" : "Open Homepage",
    "sampleCount" : 225,
    "errorCount" : 0,
    "errorPct" : 0.0,
    "meanResTime" : 59.59111111111112,
    "medianResTime" : 61.0,
    "minResTime" : 18.0,
    "maxResTime" : 586.0,
    "pct1ResTime" : 70.0,
    "pct2ResTime" : 110.99999999999989,
    "pct3ResTime" : 581.96,
    "throughput" : 11.20629544775376,
    "receivedKBytesPerSec" : 55.98765400874091,
    "sentKBytesPerSec" : 1.9698566216754658
  },
  "Contact" : {
    "transaction" : "Contact",
    "sampleCount" : 225,
    "errorCount" : 225,
    "errorPct" : 100.0,
    "meanResTime" : 85.56444444444442,
    "medianResTime" : 84.0,
    "minResTime" : 78.0,
    "maxResTime" : 134.0,
    "pct1ResTime" : 89.0,
    "pct2ResTime" : 92.0,
    "pct3ResTime" : 133.0,
    "throughput" : 11.550900970275682,
    "receivedKBytesPerSec" : 71.95830285178911,
    "sentKBytesPerSec" : 5.324243415986447
  },
  "Submit Order" : {
    "transaction" : "Submit Order",
    "sampleCount" : 225,
    "errorCount" : 225,
    "errorPct" : 100.0,
    "meanResTime" : 63.87111111111112,
    "medianResTime" : 63.0,
    "minResTime" : 59.0,
    "maxResTime" : 79.0,
    "pct1ResTime" : 67.4,
    "pct2ResTime" : 70.69999999999999,
    "pct3ResTime" : 76.22000000000003,
    "throughput" : 11.56099064844312,
    "receivedKBytesPerSec" : 5.565984755549276,
    "sentKBytesPerSec" : 2.8676676022505396
  },
  "CartPage" : {
    "transaction" : "CartPage",
    "sampleCount" : 225,
    "errorCount" : 0,
    "errorPct" : 0.0,
    "meanResTime" : 22.13777777777777,
    "medianResTime" : 20.0,
    "minResTime" : 18.0,
    "maxResTime" : 71.0,
    "pct1ResTime" : 22.0,
    "pct2ResTime" : 23.0,
    "pct3ResTime" : 68.74000000000001,
    "throughput" : 11.561584707877293,
    "receivedKBytesPerSec" : 66.4072034292945,
    "sentKBytesPerSec" : 2.1339253025281333
  },
  "Checkout" : {
    "transaction" : "Checkout",
    "sampleCount" : 225,
    "errorCount" : 225,
    "errorPct" : 100.0,
    "meanResTime" : 127.58222222222226,
    "medianResTime" : 127.0,
    "minResTime" : 119.0,
    "maxResTime" : 143.0,
    "pct1ResTime" : 132.4,
    "pct2ResTime" : 136.0,
    "pct3ResTime" : 140.74,
    "throughput" : 11.523097408583427,
    "receivedKBytesPerSec" : 11.12944159390044,
    "sentKBytesPerSec" : 5.0301020914421795
  },
  "Total" : {
    "transaction" : "Total",
    "sampleCount" : 1800,
    "errorCount" : 675,
    "errorPct" : 37.5,
    "meanResTime" : 42.53277777777781,
    "medianResTime" : 22.0,
    "minResTime" : 18.0,
    "maxResTime" : 586.0,
    "pct1ResTime" : 66.0,
    "pct2ResTime" : 68.0,
    "pct3ResTime" : 76.99000000000001,
    "throughput" : 88.43036109064111,
    "receivedKBytesPerSec" : 321.99964305453204,
    "sentKBytesPerSec" : 18.05956959285188
  },
  "Open Checkout Page" : {
    "transaction" : "Open Checkout Page",
    "sampleCount" : 225,
    "errorCount" : 225,
    "errorPct" : 100.0,
    "meanResTime" : 63.71111111111113,
    "medianResTime" : 63.0,
    "minResTime" : 59.0,
    "maxResTime" : 76.0,
    "pct1ResTime" : 66.0,
    "pct2ResTime" : 67.0,
    "pct3ResTime" : 75.0,
    "throughput" : 11.562178828365878,
    "receivedKBytesPerSec" : 5.600631102261048,
    "sentKBytesPerSec" : 2.1791997205806783
  },
  "View Cart" : {
    "transaction" : "View Cart",
    "sampleCount" : 225,
    "errorCount" : 0,
    "errorPct" : 0.0,
    "meanResTime" : 20.880000000000006,
    "medianResTime" : 20.0,
    "minResTime" : 18.0,
    "maxResTime" : 66.0,
    "pct1ResTime" : 22.0,
    "pct2ResTime" : 22.0,
    "pct3ResTime" : 60.40000000000009,
    "throughput" : 11.587187145947059,
    "receivedKBytesPerSec" : 66.70820083170254,
    "sentKBytesPerSec" : 2.1386507525234317
  },
  "Cart" : {
    "transaction" : "Cart",
    "sampleCount" : 225,
    "errorCount" : 0,
    "errorPct" : 0.0,
    "meanResTime" : 67.52444444444447,
    "medianResTime" : 61.0,
    "minResTime" : 54.0,
    "maxResTime" : 229.0,
    "pct1ResTime" : 71.60000000000005,
    "pct2ResTime" : 109.69999999999999,
    "pct3ResTime" : 188.38000000000034,
    "throughput" : 11.507185598117935,
    "receivedKBytesPerSec" : 194.91604149618985,
    "sentKBytesPerSec" : 6.4503169270700145
  }
}