{
  "Open Product Page" : {
    "transaction" : "Open Product Page",
    "sampleCount" : 225,
    "errorCount" : 0,
    "errorPct" : 0.0,
    "meanResTime" : 17.03555555555554,
    "medianResTime" : 12.0,
    "minResTime" : 8.0,
    "maxResTime" : 174.0,
    "pct1ResTime" : 40.0,
    "pct2ResTime" : 42.0,
    "pct3ResTime" : 51.74000000000001,
    "throughput" : 11.617100371747211,
    "receivedKBytesPerSec" : 125.5028026254647,
    "sentKBytesPerSec" : 2.2235856180297398
  },
  "Homepage" : {
    "transaction" : "Homepage",
    "sampleCount" : 225,
    "errorCount" : 0,
    "errorPct" : 0.0,
    "meanResTime" : 49.36444444444444,
    "medianResTime" : 39.0,
    "minResTime" : 9.0,
    "maxResTime" : 536.0,
    "pct1ResTime" : 69.0,
    "pct2ResTime" : 89.39999999999998,
    "pct3ResTime" : 535.48,
    "throughput" : 11.234832975483098,
    "receivedKBytesPerSec" : 128.22908799682926,
    "sentKBytesPerSec" : 1.9748729839716381
  },
  "Send Message" : {
    "transaction" : "Send Message",
    "sampleCount" : 225,
    "errorCount" : 225,
    "errorPct" : 100.0,
    "meanResTime" : 38.43999999999999,
    "medianResTime" : 37.0,
    "minResTime" : 34.0,
    "maxResTime" : 163.0,
    "pct1ResTime" : 40.0,
    "pct2ResTime" : 42.0,
    "pct3ResTime" : 88.88000000000056,
    "throughput" : 11.664679350925397,
    "receivedKBytesPerSec" : 5.650079060604489,
    "sentKBytesPerSec" : 3.2237346253045773
  },
  "Open Contact Page" : {
    "transaction" : "Open Contact Page",
    "sampleCount" : 225,
    "errorCount" : 0,
    "errorPct" : 0.0,
    "meanResTime" : 13.106666666666671,
    "medianResTime" : 11.0,
    "minResTime" : 8.0,
    "maxResTime" : 131.0,
    "pct1ResTime" : 15.0,
    "pct2ResTime" : 17.0,
    "pct3ResTime" : 42.74000000000001,
    "throughput" : 11.664679350925397,
    "receivedKBytesPerSec" : 127.6992290781015,
    "sentKBytesPerSec" : 2.152953513012598
  },
  "Open Homepage" : {
    "transaction" : "Open Homepage",
    "sampleCount" : 225,
    "errorCount" : 0,
    "errorPct" : 0.0,
    "meanResTime" : 49.36444444444444,
    "medianResTime" : 39.0,
    "minResTime" : 9.0,
    "maxResTime" : 536.0,
    "pct1ResTime" : 69.0,
    "pct2ResTime" : 89.39999999999998,
    "pct3ResTime" : 535.48,
    "throughput" : 11.30596452439576,
    "receivedKBytesPerSec" : 129.04094996796644,
    "sentKBytesPerSec" : 1.987376576553942
  },
  "Contact" : {
    "transaction" : "Contact",
    "sampleCount" : 225,
    "errorCount" : 225,
    "errorPct" : 100.0,
    "meanResTime" : 51.54666666666667,
    "medianResTime" : 49.0,
    "minResTime" : 43.0,
    "maxResTime" : 294.0,
    "pct1ResTime" : 54.0,
    "pct2ResTime" : 57.0,
    "pct3ResTime" : 106.64000000000033,
    "throughput" : 11.64294954721863,
    "receivedKBytesPerSec" : 133.10089545601554,
    "sentKBytesPerSec" : 5.366672056921087
  },
  "Submit Order" : {
    "transaction" : "Submit Order",
    "sampleCount" : 225,
    "errorCount" : 225,
    "errorPct" : 100.0,
    "meanResTime" : 37.96444444444441,
    "medianResTime" : 37.0,
    "minResTime" : 34.0,
    "maxResTime" : 67.0,
    "pct1ResTime" : 40.0,
    "pct2ResTime" : 42.0,
    "pct3ResTime" : 64.44000000000005,
    "throughput" : 11.64656555722346,
    "receivedKBytesPerSec" : 5.607184394249185,
    "sentKBytesPerSec" : 2.8888941909519126
  },
  "CartPage" : {
    "transaction" : "CartPage",
    "sampleCount" : 225,
    "errorCount" : 0,
    "errorPct" : 0.0,
    "meanResTime" : 13.81777777777777,
    "medianResTime" : 11.0,
    "minResTime" : 8.0,
    "maxResTime" : 54.0,
    "pct1ResTime" : 17.0,
    "pct2ResTime" : 39.39999999999998,
    "pct3ResTime" : 48.960000000000036,
    "throughput" : 11.633919338159256,
    "receivedKBytesPerSec" : 124.62512926577043,
    "sentKBytesPerSec" : 2.147276127843847
  },
  "Checkout" : {
    "transaction" : "Checkout",
    "sampleCount" : 225,
    "errorCount" : 225,
    "errorPct" : 100.0,
    "meanResTime" : 76.08444444444449,
    "medianResTime" : 75.0,
    "minResTime" : 69.0,
    "maxResTime" : 147.0,
    "pct1ResTime" : 80.0,
    "pct2ResTime" : 82.69999999999999,
    "pct3ResTime" : 103.48000000000002,
    "throughput" : 11.62310156007852,
    "receivedKBytesPerSec" : 11.225827580974274,
    "sentKBytesPerSec" : 5.073756247417088
  },
  "Total" : {
    "transaction" : "Total",
    "sampleCount" : 1800,
    "errorCount" : 675,
    "errorPct" : 37.5,
    "meanResTime" : 27.64722222222226,
    "medianResTime" : 33.5,
    "minResTime" : 8.0,
    "maxResTime" : 536.0,
    "pct1ResTime" : 41.0,
    "pct2ResTime" : 49.94999999999982,
    "pct3ResTime" : 84.95000000000005,
    "throughput" : 89.76213035456041,
    "receivedKBytesPerSec" : 633.2729497300902,
    "sentKBytesPerSec" : 18.331548349997504
  },
  "Open Checkout Page" : {
    "transaction" : "Open Checkout Page",
    "sampleCount" : 225,
    "errorCount" : 225,
    "errorPct" : 100.0,
    "meanResTime" : 38.12,
    "medianResTime" : 38.0,
    "minResTime" : 34.0,
    "maxResTime" : 80.0,
    "pct1ResTime" : 41.0,
    "pct2ResTime" : 42.69999999999999,
    "pct3ResTime" : 50.960000000000036,
    "throughput" : 11.644757271503984,
    "receivedKBytesPerSec" : 5.640429303384743,
    "sentKBytesPerSec" : 2.1947638216799503
  },
  "View Cart" : {
    "transaction" : "View Cart",
    "sampleCount" : 225,
    "errorCount" : 0,
    "errorPct" : 0.0,
    "meanResTime" : 13.328888888888894,
    "medianResTime" : 11.0,
    "minResTime" : 9.0,
    "maxResTime" : 45.0,
    "pct1ResTime" : 16.0,
    "pct2ResTime" : 38.69999999999999,
    "pct3ResTime" : 43.0,
    "throughput" : 11.655011655011656,
    "receivedKBytesPerSec" : 129.52633304195805,
    "sentKBytesPerSec" : 2.1511691433566433
  },
  "Cart" : {
    "transaction" : "Cart",
    "sampleCount" : 225,
    "errorCount" : 0,
    "errorPct" : 0.0,
    "meanResTime" : 44.18222222222223,
    "medianResTime" : 35.0,
    "minResTime" : 27.0,
    "maxResTime" : 199.0,
    "pct1ResTime" : 66.4,
    "pct2ResTime" : 97.39999999999998,
    "pct3ResTime" : 135.22000000000003,
    "throughput" : 11.602722772277227,
    "receivedKBytesPerSec" : 378.5836499909757,
    "sentKBytesPerSec" : 6.503869991491337
  }
}